{"info":{"start":"2025-05-25T20:27:04.368Z","end":"2025-05-25T20:27:05.272Z","_duration":904,"type":"runner","cid":"0-4","capabilities":{"acceptInsecureCerts":false,"browserName":"chrome","browserVersion":"136.0.7103.92","chrome":{"chromedriverVersion":"136.0.7103.92 (cb81a4cc5087a8303a6c8827ee2b80b71d26e334-refs/branch-heads/7103@{#1840})","userDataDir":"/tmp/chrome-2170"},"fedcm:accounts":true,"goog:chromeOptions":{"debuggerAddress":"localhost:46001"},"networkConnectionEnabled":false,"pageLoadStrategy":"normal","platformName":"linux","proxy":{},"setWindowRect":true,"strictFileInteractability":false,"timeouts":{"implicit":0,"pageLoad":300000,"script":30000},"unhandledPromptBehavior":"ignore","webSocketUrl":"ws://localhost:45953/session/149f4daca55521c93a7a44f93276ce46","webauthn:extension:credBlob":true,"webauthn:extension:largeBlob":true,"webauthn:extension:minPinLength":true,"webauthn:extension:prf":true,"webauthn:virtualAuthenticators":true,"wdio:driverPID":2730,"sessionId":"149f4daca55521c93a7a44f93276ce46"},"sanitizedCapabilities":"chrome.136_0_7103_92.linux","config":{"protocol":"http","hostname":"localhost","path":"/","capabilities":{"browserName":"chrome","goog:chromeOptions":{"binary":"/usr/bin/google-chrome","prefs":{"profile.password_manager_leak_detection":false},"args":["--headless","--no-sandbox","--disable-gpu","--disable-dev-shm-usage","--user-data-dir=/tmp/chrome-2170"]},"webSocketUrl":true,"unhandledPromptBehavior":"ignore"},"logLevel":"info","connectionRetryTimeout":120000,"connectionRetryCount":3,"logLevels":{},"enableDirectConnect":true,"strictSSL":true,"port":45953,"requestedCapabilities":{"browserName":"chrome","goog:chromeOptions":{"binary":"/usr/bin/google-chrome","prefs":{"profile.password_manager_leak_detection":false},"args":["--headless","--no-sandbox","--disable-gpu","--disable-dev-shm-usage","--user-data-dir=/tmp/chrome-2170"]}},"automationProtocol":"webdriver","waitforInterval":100,"waitforTimeout":10000,"onReload":[],"beforeCommand":[],"afterCommand":[],"rootDir":"/home/runner/work/wdio-qa-final/wdio-qa-final","specs":["./test/specs/**/*.js"],"suites":{},"exclude":[],"groupLogsByTestSpec":false,"excludeDriverLogs":[],"bail":0,"framework":"mocha","reporters":["spec",["html-nice",{"outputDir":"reports/html-reports","filename":"report.html","reportTitle":"WDIO Test Report"}]],"services":[],"maxInstances":1,"maxInstancesPerCapability":100,"injectGlobals":true,"filesToWatch":[],"execArgv":[],"runnerEnv":{},"runner":"local","shard":{"current":1,"total":1},"specFileRetries":0,"specFileRetriesDelay":0,"specFileRetriesDeferred":false,"reporterSyncInterval":100,"reporterSyncTimeout":5000,"cucumberFeaturesWithLineNumbers":[],"mochaOpts":{"timeout":60000,"ui":"bdd"},"jasmineOpts":{"defaultTimeoutInterval":10000},"cucumberOpts":{"timeout":10000},"onPrepare":[],"onWorkerStart":[],"onWorkerEnd":[],"before":[],"beforeSession":[],"beforeSuite":[],"beforeHook":[],"beforeTest":[null],"afterTest":[],"afterHook":[],"afterSuite":[],"afterSession":[],"after":[null],"onComplete":[],"beforeAssertion":[],"afterAssertion":[],"beforeFeature":[],"beforeScenario":[],"beforeStep":[null],"afterStep":[],"afterScenario":[],"afterFeature":[],"_":["run","run"],"$0":"node_modules/.bin/wdio","config-path":"wdio.conf.js","ignoredWorkerServices":[],"strictWebDriverCompliance":true},"specs":["file:///home/runner/work/wdio-qa-final/wdio-qa-final/test/specs/test.e2e.js"],"sessionId":"149f4daca55521c93a7a44f93276ce46","isMultiremote":false,"instanceOptions":{"149f4daca55521c93a7a44f93276ce46":{"protocol":"http","hostname":"localhost","path":"/","capabilities":{"browserName":"chrome","goog:chromeOptions":{"binary":"/usr/bin/google-chrome","prefs":{"profile.password_manager_leak_detection":false},"args":["--headless","--no-sandbox","--disable-gpu","--disable-dev-shm-usage","--user-data-dir=/tmp/chrome-2170"]},"webSocketUrl":true,"unhandledPromptBehavior":"ignore"},"logLevel":"info","connectionRetryTimeout":120000,"connectionRetryCount":3,"logLevels":{},"enableDirectConnect":true,"strictSSL":true,"port":45953,"requestedCapabilities":{"browserName":"chrome","goog:chromeOptions":{"binary":"/usr/bin/google-chrome","prefs":{"profile.password_manager_leak_detection":false},"args":["--headless","--no-sandbox","--disable-gpu","--disable-dev-shm-usage","--user-data-dir=/tmp/chrome-2170"]}},"automationProtocol":"webdriver","waitforInterval":100,"waitforTimeout":10000,"onReload":[],"beforeCommand":[],"afterCommand":[],"rootDir":"/home/runner/work/wdio-qa-final/wdio-qa-final","specs":["./test/specs/**/*.js"],"suites":{},"exclude":[],"groupLogsByTestSpec":false,"excludeDriverLogs":[],"bail":0,"framework":"mocha","reporters":["spec",["html-nice",{"outputDir":"reports/html-reports","filename":"report.html","reportTitle":"WDIO Test Report"}]],"services":[],"maxInstances":1,"maxInstancesPerCapability":100,"injectGlobals":true,"filesToWatch":[],"execArgv":[],"runnerEnv":{},"runner":"local","shard":{"current":1,"total":1},"specFileRetries":0,"specFileRetriesDelay":0,"specFileRetriesDeferred":false,"reporterSyncInterval":100,"reporterSyncTimeout":5000,"cucumberFeaturesWithLineNumbers":[],"mochaOpts":{"timeout":60000,"ui":"bdd"},"jasmineOpts":{"defaultTimeoutInterval":10000},"cucumberOpts":{"timeout":10000},"onPrepare":[],"onWorkerStart":[],"onWorkerEnd":[],"before":[],"beforeSession":[],"beforeSuite":[],"beforeHook":[],"beforeTest":[null],"afterTest":[],"afterHook":[],"afterSuite":[],"afterSession":[],"after":[null],"onComplete":[],"beforeAssertion":[],"afterAssertion":[],"beforeFeature":[],"beforeScenario":[],"beforeStep":[null],"afterStep":[],"afterScenario":[],"afterFeature":[],"_":["run","run"],"$0":"node_modules/.bin/wdio","config-path":"wdio.conf.js","ignoredWorkerServices":[],"strictWebDriverCompliance":true}},"retry":0,"failures":0,"retries":0},"metrics":{"passed":1,"skipped":0,"failed":0,"duration":904,"start":"2025-05-25T20:27:04.368Z","end":"2025-05-25T20:27:05Z"},"title":"WDIO Test Report","suites":[{"start":"2025-05-25T20:27:04.373Z","end":"2025-05-25T20:27:05.204Z","_duration":831,"type":"suite:start","uid":"suite-0-0","cid":"0-4","file":"/home/runner/work/wdio-qa-final/wdio-qa-final/test/specs/test.e2e.js","title":"My Login application","fullTitle":"My Login application","tests":[{"start":"2025-05-25T20:27:04.373Z","end":"2025-05-25T20:27:05.203Z","_duration":830,"type":"test","uid":"test-00-0","cid":"0-4","title":"should login with valid credentials","fullTitle":"My Login application.should login with valid credentials","output":[],"retries":0,"parent":"My Login application","state":"passed","body":"async () => {\n        await LoginPage.open()\n\n        await LoginPage.login('tomsmith', 'SuperSecretPassword!')\n        await expect(SecurePage.flashAlert).toBeExisting()\n        await expect(SecurePage.flashAlert).toHaveText(\n            expect.stringContaining('You logged into a secure area!'))\n \n    }","events":[],"errorIndex":0}],"hooks":[],"suites":[],"parent":"","retries":0,"hooksAndTests":[{"start":"2025-05-25T20:27:04.373Z","end":"2025-05-25T20:27:05.203Z","_duration":830,"type":"test","uid":"test-00-0","cid":"0-4","title":"should login with valid credentials","fullTitle":"My Login application.should login with valid credentials","output":[],"retries":0,"parent":"My Login application","state":"passed","body":"async () => {\n        await LoginPage.open()\n\n        await LoginPage.login('tomsmith', 'SuperSecretPassword!')\n        await expect(SecurePage.flashAlert).toBeExisting()\n        await expect(SecurePage.flashAlert).toHaveText(\n            expect.stringContaining('You logged into a secure area!'))\n \n    }","events":[],"errorIndex":0}]}],"reportFile":"/home/runner/work/wdio-qa-final/wdio-qa-final/reports/html-reports/report-0-4.html","browserName":"not specified"}