{"info":{"start":"2025-05-25T20:27:01.745Z","end":"2025-05-25T20:27:02.672Z","_duration":927,"type":"runner","cid":"0-3","capabilities":{"acceptInsecureCerts":false,"browserName":"chrome","browserVersion":"136.0.7103.92","chrome":{"chromedriverVersion":"136.0.7103.92 (cb81a4cc5087a8303a6c8827ee2b80b71d26e334-refs/branch-heads/7103@{#1840})","userDataDir":"/tmp/chrome-2170"},"fedcm:accounts":true,"goog:chromeOptions":{"debuggerAddress":"localhost:34871"},"networkConnectionEnabled":false,"pageLoadStrategy":"normal","platformName":"linux","proxy":{},"setWindowRect":true,"strictFileInteractability":false,"timeouts":{"implicit":0,"pageLoad":300000,"script":30000},"unhandledPromptBehavior":"ignore","webSocketUrl":"ws://localhost:39905/session/59cb26da0a4f4bd80f28991f47d9f0a1","webauthn:extension:credBlob":true,"webauthn:extension:largeBlob":true,"webauthn:extension:minPinLength":true,"webauthn:extension:prf":true,"webauthn:virtualAuthenticators":true,"wdio:driverPID":2603,"sessionId":"59cb26da0a4f4bd80f28991f47d9f0a1"},"sanitizedCapabilities":"chrome.136_0_7103_92.linux","config":{"protocol":"http","hostname":"localhost","path":"/","capabilities":{"browserName":"chrome","goog:chromeOptions":{"binary":"/usr/bin/google-chrome","prefs":{"profile.password_manager_leak_detection":false},"args":["--headless","--no-sandbox","--disable-gpu","--disable-dev-shm-usage","--user-data-dir=/tmp/chrome-2170"]},"webSocketUrl":true,"unhandledPromptBehavior":"ignore"},"logLevel":"info","connectionRetryTimeout":120000,"connectionRetryCount":3,"logLevels":{},"enableDirectConnect":true,"strictSSL":true,"port":39905,"requestedCapabilities":{"browserName":"chrome","goog:chromeOptions":{"binary":"/usr/bin/google-chrome","prefs":{"profile.password_manager_leak_detection":false},"args":["--headless","--no-sandbox","--disable-gpu","--disable-dev-shm-usage","--user-data-dir=/tmp/chrome-2170"]}},"automationProtocol":"webdriver","waitforInterval":100,"waitforTimeout":10000,"onReload":[],"beforeCommand":[],"afterCommand":[],"rootDir":"/home/runner/work/wdio-qa-final/wdio-qa-final","specs":["./test/specs/**/*.js"],"suites":{},"exclude":[],"groupLogsByTestSpec":false,"excludeDriverLogs":[],"bail":0,"framework":"mocha","reporters":["spec",["html-nice",{"outputDir":"reports/html-reports","filename":"report.html","reportTitle":"WDIO Test Report"}]],"services":[],"maxInstances":1,"maxInstancesPerCapability":100,"injectGlobals":true,"filesToWatch":[],"execArgv":[],"runnerEnv":{},"runner":"local","shard":{"current":1,"total":1},"specFileRetries":0,"specFileRetriesDelay":0,"specFileRetriesDeferred":false,"reporterSyncInterval":100,"reporterSyncTimeout":5000,"cucumberFeaturesWithLineNumbers":[],"mochaOpts":{"timeout":60000,"ui":"bdd"},"jasmineOpts":{"defaultTimeoutInterval":10000},"cucumberOpts":{"timeout":10000},"onPrepare":[],"onWorkerStart":[],"onWorkerEnd":[],"before":[],"beforeSession":[],"beforeSuite":[],"beforeHook":[],"beforeTest":[null],"afterTest":[],"afterHook":[],"afterSuite":[],"afterSession":[],"after":[null],"onComplete":[],"beforeAssertion":[],"afterAssertion":[],"beforeFeature":[],"beforeScenario":[],"beforeStep":[null],"afterStep":[],"afterScenario":[],"afterFeature":[],"_":["run","run"],"$0":"node_modules/.bin/wdio","config-path":"wdio.conf.js","ignoredWorkerServices":[],"strictWebDriverCompliance":true},"specs":["file:///home/runner/work/wdio-qa-final/wdio-qa-final/test/specs/secure.header.js"],"sessionId":"59cb26da0a4f4bd80f28991f47d9f0a1","isMultiremote":false,"instanceOptions":{"59cb26da0a4f4bd80f28991f47d9f0a1":{"protocol":"http","hostname":"localhost","path":"/","capabilities":{"browserName":"chrome","goog:chromeOptions":{"binary":"/usr/bin/google-chrome","prefs":{"profile.password_manager_leak_detection":false},"args":["--headless","--no-sandbox","--disable-gpu","--disable-dev-shm-usage","--user-data-dir=/tmp/chrome-2170"]},"webSocketUrl":true,"unhandledPromptBehavior":"ignore"},"logLevel":"info","connectionRetryTimeout":120000,"connectionRetryCount":3,"logLevels":{},"enableDirectConnect":true,"strictSSL":true,"port":39905,"requestedCapabilities":{"browserName":"chrome","goog:chromeOptions":{"binary":"/usr/bin/google-chrome","prefs":{"profile.password_manager_leak_detection":false},"args":["--headless","--no-sandbox","--disable-gpu","--disable-dev-shm-usage","--user-data-dir=/tmp/chrome-2170"]}},"automationProtocol":"webdriver","waitforInterval":100,"waitforTimeout":10000,"onReload":[],"beforeCommand":[],"afterCommand":[],"rootDir":"/home/runner/work/wdio-qa-final/wdio-qa-final","specs":["./test/specs/**/*.js"],"suites":{},"exclude":[],"groupLogsByTestSpec":false,"excludeDriverLogs":[],"bail":0,"framework":"mocha","reporters":["spec",["html-nice",{"outputDir":"reports/html-reports","filename":"report.html","reportTitle":"WDIO Test Report"}]],"services":[],"maxInstances":1,"maxInstancesPerCapability":100,"injectGlobals":true,"filesToWatch":[],"execArgv":[],"runnerEnv":{},"runner":"local","shard":{"current":1,"total":1},"specFileRetries":0,"specFileRetriesDelay":0,"specFileRetriesDeferred":false,"reporterSyncInterval":100,"reporterSyncTimeout":5000,"cucumberFeaturesWithLineNumbers":[],"mochaOpts":{"timeout":60000,"ui":"bdd"},"jasmineOpts":{"defaultTimeoutInterval":10000},"cucumberOpts":{"timeout":10000},"onPrepare":[],"onWorkerStart":[],"onWorkerEnd":[],"before":[],"beforeSession":[],"beforeSuite":[],"beforeHook":[],"beforeTest":[null],"afterTest":[],"afterHook":[],"afterSuite":[],"afterSession":[],"after":[null],"onComplete":[],"beforeAssertion":[],"afterAssertion":[],"beforeFeature":[],"beforeScenario":[],"beforeStep":[null],"afterStep":[],"afterScenario":[],"afterFeature":[],"_":["run","run"],"$0":"node_modules/.bin/wdio","config-path":"wdio.conf.js","ignoredWorkerServices":[],"strictWebDriverCompliance":true}},"retry":0,"failures":0,"retries":0},"metrics":{"passed":1,"skipped":0,"failed":0,"duration":927,"start":"2025-05-25T20:27:01.746Z","end":"2025-05-25T20:27:02Z"},"title":"WDIO Test Report","suites":[{"start":"2025-05-25T20:27:01.750Z","end":"2025-05-25T20:27:02.606Z","_duration":856,"type":"suite:start","uid":"suite-0-0","cid":"0-3","file":"/home/runner/work/wdio-qa-final/wdio-qa-final/test/specs/secure.header.js","title":"Secure Area UI","fullTitle":"Secure Area UI","tests":[{"start":"2025-05-25T20:27:01.751Z","end":"2025-05-25T20:27:02.605Z","_duration":854,"type":"test","uid":"test-00-0","cid":"0-3","title":"displays the expected header text after login","fullTitle":"Secure Area UI.displays the expected header text after login","output":[],"retries":0,"parent":"Secure Area UI","state":"passed","body":"async () => {\n    await Login.open();\n    await Login.login('tomsmith', 'SuperSecretPassword!');\n    await expect($('h2=Secure Area')).toBeDisplayed();\n    await expect($('h2=Secure Area')).toHaveText('Secure Area');\n  }","events":[],"errorIndex":0}],"hooks":[],"suites":[],"parent":"","retries":0,"hooksAndTests":[{"start":"2025-05-25T20:27:01.751Z","end":"2025-05-25T20:27:02.605Z","_duration":854,"type":"test","uid":"test-00-0","cid":"0-3","title":"displays the expected header text after login","fullTitle":"Secure Area UI.displays the expected header text after login","output":[],"retries":0,"parent":"Secure Area UI","state":"passed","body":"async () => {\n    await Login.open();\n    await Login.login('tomsmith', 'SuperSecretPassword!');\n    await expect($('h2=Secure Area')).toBeDisplayed();\n    await expect($('h2=Secure Area')).toHaveText('Secure Area');\n  }","events":[],"errorIndex":0}]}],"reportFile":"/home/runner/work/wdio-qa-final/wdio-qa-final/reports/html-reports/report-0-3.html","browserName":"not specified"}