{"info":{"start":"2025-05-25T20:26:58.988Z","end":"2025-05-25T20:27:00.121Z","_duration":1133,"type":"runner","cid":"0-2","capabilities":{"acceptInsecureCerts":false,"browserName":"chrome","browserVersion":"136.0.7103.92","chrome":{"chromedriverVersion":"136.0.7103.92 (cb81a4cc5087a8303a6c8827ee2b80b71d26e334-refs/branch-heads/7103@{#1840})","userDataDir":"/tmp/chrome-2170"},"fedcm:accounts":true,"goog:chromeOptions":{"debuggerAddress":"localhost:37069"},"networkConnectionEnabled":false,"pageLoadStrategy":"normal","platformName":"linux","proxy":{},"setWindowRect":true,"strictFileInteractability":false,"timeouts":{"implicit":0,"pageLoad":300000,"script":30000},"unhandledPromptBehavior":"ignore","webSocketUrl":"ws://localhost:34191/session/518a01454888502b15d13d8758267e80","webauthn:extension:credBlob":true,"webauthn:extension:largeBlob":true,"webauthn:extension:minPinLength":true,"webauthn:extension:prf":true,"webauthn:virtualAuthenticators":true,"wdio:driverPID":2475,"sessionId":"518a01454888502b15d13d8758267e80"},"sanitizedCapabilities":"chrome.136_0_7103_92.linux","config":{"protocol":"http","hostname":"localhost","path":"/","capabilities":{"browserName":"chrome","goog:chromeOptions":{"binary":"/usr/bin/google-chrome","prefs":{"profile.password_manager_leak_detection":false},"args":["--headless","--no-sandbox","--disable-gpu","--disable-dev-shm-usage","--user-data-dir=/tmp/chrome-2170"]},"webSocketUrl":true,"unhandledPromptBehavior":"ignore"},"logLevel":"info","connectionRetryTimeout":120000,"connectionRetryCount":3,"logLevels":{},"enableDirectConnect":true,"strictSSL":true,"port":34191,"requestedCapabilities":{"browserName":"chrome","goog:chromeOptions":{"binary":"/usr/bin/google-chrome","prefs":{"profile.password_manager_leak_detection":false},"args":["--headless","--no-sandbox","--disable-gpu","--disable-dev-shm-usage","--user-data-dir=/tmp/chrome-2170"]}},"automationProtocol":"webdriver","waitforInterval":100,"waitforTimeout":10000,"onReload":[],"beforeCommand":[],"afterCommand":[],"rootDir":"/home/runner/work/wdio-qa-final/wdio-qa-final","specs":["./test/specs/**/*.js"],"suites":{},"exclude":[],"groupLogsByTestSpec":false,"excludeDriverLogs":[],"bail":0,"framework":"mocha","reporters":["spec",["html-nice",{"outputDir":"reports/html-reports","filename":"report.html","reportTitle":"WDIO Test Report"}]],"services":[],"maxInstances":1,"maxInstancesPerCapability":100,"injectGlobals":true,"filesToWatch":[],"execArgv":[],"runnerEnv":{},"runner":"local","shard":{"current":1,"total":1},"specFileRetries":0,"specFileRetriesDelay":0,"specFileRetriesDeferred":false,"reporterSyncInterval":100,"reporterSyncTimeout":5000,"cucumberFeaturesWithLineNumbers":[],"mochaOpts":{"timeout":60000,"ui":"bdd"},"jasmineOpts":{"defaultTimeoutInterval":10000},"cucumberOpts":{"timeout":10000},"onPrepare":[],"onWorkerStart":[],"onWorkerEnd":[],"before":[],"beforeSession":[],"beforeSuite":[],"beforeHook":[],"beforeTest":[null],"afterTest":[],"afterHook":[],"afterSuite":[],"afterSession":[],"after":[null],"onComplete":[],"beforeAssertion":[],"afterAssertion":[],"beforeFeature":[],"beforeScenario":[],"beforeStep":[null],"afterStep":[],"afterScenario":[],"afterFeature":[],"_":["run","run"],"$0":"node_modules/.bin/wdio","config-path":"wdio.conf.js","ignoredWorkerServices":[],"strictWebDriverCompliance":true},"specs":["file:///home/runner/work/wdio-qa-final/wdio-qa-final/test/specs/logout.e2e.js"],"sessionId":"518a01454888502b15d13d8758267e80","isMultiremote":false,"instanceOptions":{"518a01454888502b15d13d8758267e80":{"protocol":"http","hostname":"localhost","path":"/","capabilities":{"browserName":"chrome","goog:chromeOptions":{"binary":"/usr/bin/google-chrome","prefs":{"profile.password_manager_leak_detection":false},"args":["--headless","--no-sandbox","--disable-gpu","--disable-dev-shm-usage","--user-data-dir=/tmp/chrome-2170"]},"webSocketUrl":true,"unhandledPromptBehavior":"ignore"},"logLevel":"info","connectionRetryTimeout":120000,"connectionRetryCount":3,"logLevels":{},"enableDirectConnect":true,"strictSSL":true,"port":34191,"requestedCapabilities":{"browserName":"chrome","goog:chromeOptions":{"binary":"/usr/bin/google-chrome","prefs":{"profile.password_manager_leak_detection":false},"args":["--headless","--no-sandbox","--disable-gpu","--disable-dev-shm-usage","--user-data-dir=/tmp/chrome-2170"]}},"automationProtocol":"webdriver","waitforInterval":100,"waitforTimeout":10000,"onReload":[],"beforeCommand":[],"afterCommand":[],"rootDir":"/home/runner/work/wdio-qa-final/wdio-qa-final","specs":["./test/specs/**/*.js"],"suites":{},"exclude":[],"groupLogsByTestSpec":false,"excludeDriverLogs":[],"bail":0,"framework":"mocha","reporters":["spec",["html-nice",{"outputDir":"reports/html-reports","filename":"report.html","reportTitle":"WDIO Test Report"}]],"services":[],"maxInstances":1,"maxInstancesPerCapability":100,"injectGlobals":true,"filesToWatch":[],"execArgv":[],"runnerEnv":{},"runner":"local","shard":{"current":1,"total":1},"specFileRetries":0,"specFileRetriesDelay":0,"specFileRetriesDeferred":false,"reporterSyncInterval":100,"reporterSyncTimeout":5000,"cucumberFeaturesWithLineNumbers":[],"mochaOpts":{"timeout":60000,"ui":"bdd"},"jasmineOpts":{"defaultTimeoutInterval":10000},"cucumberOpts":{"timeout":10000},"onPrepare":[],"onWorkerStart":[],"onWorkerEnd":[],"before":[],"beforeSession":[],"beforeSuite":[],"beforeHook":[],"beforeTest":[null],"afterTest":[],"afterHook":[],"afterSuite":[],"afterSession":[],"after":[null],"onComplete":[],"beforeAssertion":[],"afterAssertion":[],"beforeFeature":[],"beforeScenario":[],"beforeStep":[null],"afterStep":[],"afterScenario":[],"afterFeature":[],"_":["run","run"],"$0":"node_modules/.bin/wdio","config-path":"wdio.conf.js","ignoredWorkerServices":[],"strictWebDriverCompliance":true}},"retry":0,"failures":0,"retries":0},"metrics":{"passed":1,"skipped":0,"failed":0,"duration":1133,"start":"2025-05-25T20:26:58.988Z","end":"2025-05-25T20:27:00Z"},"title":"WDIO Test Report","suites":[{"start":"2025-05-25T20:26:58.992Z","end":"2025-05-25T20:27:00.054Z","_duration":1062,"type":"suite:start","uid":"suite-0-0","cid":"0-2","file":"/home/runner/work/wdio-qa-final/wdio-qa-final/test/specs/logout.e2e.js","title":"Logout flow","fullTitle":"Logout flow","tests":[{"start":"2025-05-25T20:26:58.992Z","end":"2025-05-25T20:27:00.053Z","_duration":1061,"type":"test","uid":"test-00-0","cid":"0-2","title":"logs out back to login page","fullTitle":"Logout flow.logs out back to login page","output":[],"retries":0,"parent":"Logout flow","state":"passed","body":"async () => {\n    await Login.open();\n    await Login.login('tomsmith', 'SuperSecretPassword!');\n    await Secure.logout();                        // click Logout button\n    await expect(browser)\n      .toHaveUrl(expect.stringContaining('login'))             // back on login URL\n  }","events":[],"errorIndex":0}],"hooks":[],"suites":[],"parent":"","retries":0,"hooksAndTests":[{"start":"2025-05-25T20:26:58.992Z","end":"2025-05-25T20:27:00.053Z","_duration":1061,"type":"test","uid":"test-00-0","cid":"0-2","title":"logs out back to login page","fullTitle":"Logout flow.logs out back to login page","output":[],"retries":0,"parent":"Logout flow","state":"passed","body":"async () => {\n    await Login.open();\n    await Login.login('tomsmith', 'SuperSecretPassword!');\n    await Secure.logout();                        // click Logout button\n    await expect(browser)\n      .toHaveUrl(expect.stringContaining('login'))             // back on login URL\n  }","events":[],"errorIndex":0}]}],"reportFile":"/home/runner/work/wdio-qa-final/wdio-qa-final/reports/html-reports/report-0-2.html","browserName":"not specified"}