{"info":{"start":"2025-05-25T20:26:56.387Z","end":"2025-05-25T20:26:57.297Z","_duration":910,"type":"runner","cid":"0-1","capabilities":{"acceptInsecureCerts":false,"browserName":"chrome","browserVersion":"136.0.7103.92","chrome":{"chromedriverVersion":"136.0.7103.92 (cb81a4cc5087a8303a6c8827ee2b80b71d26e334-refs/branch-heads/7103@{#1840})","userDataDir":"/tmp/chrome-2170"},"fedcm:accounts":true,"goog:chromeOptions":{"debuggerAddress":"localhost:46875"},"networkConnectionEnabled":false,"pageLoadStrategy":"normal","platformName":"linux","proxy":{},"setWindowRect":true,"strictFileInteractability":false,"timeouts":{"implicit":0,"pageLoad":300000,"script":30000},"unhandledPromptBehavior":"ignore","webSocketUrl":"ws://localhost:43945/session/cedf5baeaa99413d6c3166706c3b6d7d","webauthn:extension:credBlob":true,"webauthn:extension:largeBlob":true,"webauthn:extension:minPinLength":true,"webauthn:extension:prf":true,"webauthn:virtualAuthenticators":true,"wdio:driverPID":2350,"sessionId":"cedf5baeaa99413d6c3166706c3b6d7d"},"sanitizedCapabilities":"chrome.136_0_7103_92.linux","config":{"protocol":"http","hostname":"localhost","path":"/","capabilities":{"browserName":"chrome","goog:chromeOptions":{"binary":"/usr/bin/google-chrome","prefs":{"profile.password_manager_leak_detection":false},"args":["--headless","--no-sandbox","--disable-gpu","--disable-dev-shm-usage","--user-data-dir=/tmp/chrome-2170"]},"webSocketUrl":true,"unhandledPromptBehavior":"ignore"},"logLevel":"info","connectionRetryTimeout":120000,"connectionRetryCount":3,"logLevels":{},"enableDirectConnect":true,"strictSSL":true,"port":43945,"requestedCapabilities":{"browserName":"chrome","goog:chromeOptions":{"binary":"/usr/bin/google-chrome","prefs":{"profile.password_manager_leak_detection":false},"args":["--headless","--no-sandbox","--disable-gpu","--disable-dev-shm-usage","--user-data-dir=/tmp/chrome-2170"]}},"automationProtocol":"webdriver","waitforInterval":100,"waitforTimeout":10000,"onReload":[],"beforeCommand":[],"afterCommand":[],"rootDir":"/home/runner/work/wdio-qa-final/wdio-qa-final","specs":["./test/specs/**/*.js"],"suites":{},"exclude":[],"groupLogsByTestSpec":false,"excludeDriverLogs":[],"bail":0,"framework":"mocha","reporters":["spec",["html-nice",{"outputDir":"reports/html-reports","filename":"report.html","reportTitle":"WDIO Test Report"}]],"services":[],"maxInstances":1,"maxInstancesPerCapability":100,"injectGlobals":true,"filesToWatch":[],"execArgv":[],"runnerEnv":{},"runner":"local","shard":{"current":1,"total":1},"specFileRetries":0,"specFileRetriesDelay":0,"specFileRetriesDeferred":false,"reporterSyncInterval":100,"reporterSyncTimeout":5000,"cucumberFeaturesWithLineNumbers":[],"mochaOpts":{"timeout":60000,"ui":"bdd"},"jasmineOpts":{"defaultTimeoutInterval":10000},"cucumberOpts":{"timeout":10000},"onPrepare":[],"onWorkerStart":[],"onWorkerEnd":[],"before":[],"beforeSession":[],"beforeSuite":[],"beforeHook":[],"beforeTest":[null],"afterTest":[],"afterHook":[],"afterSuite":[],"afterSession":[],"after":[null],"onComplete":[],"beforeAssertion":[],"afterAssertion":[],"beforeFeature":[],"beforeScenario":[],"beforeStep":[null],"afterStep":[],"afterScenario":[],"afterFeature":[],"_":["run","run"],"$0":"node_modules/.bin/wdio","config-path":"wdio.conf.js","ignoredWorkerServices":[],"strictWebDriverCompliance":true},"specs":["file:///home/runner/work/wdio-qa-final/wdio-qa-final/test/specs/login.invalid.js"],"sessionId":"cedf5baeaa99413d6c3166706c3b6d7d","isMultiremote":false,"instanceOptions":{"cedf5baeaa99413d6c3166706c3b6d7d":{"protocol":"http","hostname":"localhost","path":"/","capabilities":{"browserName":"chrome","goog:chromeOptions":{"binary":"/usr/bin/google-chrome","prefs":{"profile.password_manager_leak_detection":false},"args":["--headless","--no-sandbox","--disable-gpu","--disable-dev-shm-usage","--user-data-dir=/tmp/chrome-2170"]},"webSocketUrl":true,"unhandledPromptBehavior":"ignore"},"logLevel":"info","connectionRetryTimeout":120000,"connectionRetryCount":3,"logLevels":{},"enableDirectConnect":true,"strictSSL":true,"port":43945,"requestedCapabilities":{"browserName":"chrome","goog:chromeOptions":{"binary":"/usr/bin/google-chrome","prefs":{"profile.password_manager_leak_detection":false},"args":["--headless","--no-sandbox","--disable-gpu","--disable-dev-shm-usage","--user-data-dir=/tmp/chrome-2170"]}},"automationProtocol":"webdriver","waitforInterval":100,"waitforTimeout":10000,"onReload":[],"beforeCommand":[],"afterCommand":[],"rootDir":"/home/runner/work/wdio-qa-final/wdio-qa-final","specs":["./test/specs/**/*.js"],"suites":{},"exclude":[],"groupLogsByTestSpec":false,"excludeDriverLogs":[],"bail":0,"framework":"mocha","reporters":["spec",["html-nice",{"outputDir":"reports/html-reports","filename":"report.html","reportTitle":"WDIO Test Report"}]],"services":[],"maxInstances":1,"maxInstancesPerCapability":100,"injectGlobals":true,"filesToWatch":[],"execArgv":[],"runnerEnv":{},"runner":"local","shard":{"current":1,"total":1},"specFileRetries":0,"specFileRetriesDelay":0,"specFileRetriesDeferred":false,"reporterSyncInterval":100,"reporterSyncTimeout":5000,"cucumberFeaturesWithLineNumbers":[],"mochaOpts":{"timeout":60000,"ui":"bdd"},"jasmineOpts":{"defaultTimeoutInterval":10000},"cucumberOpts":{"timeout":10000},"onPrepare":[],"onWorkerStart":[],"onWorkerEnd":[],"before":[],"beforeSession":[],"beforeSuite":[],"beforeHook":[],"beforeTest":[null],"afterTest":[],"afterHook":[],"afterSuite":[],"afterSession":[],"after":[null],"onComplete":[],"beforeAssertion":[],"afterAssertion":[],"beforeFeature":[],"beforeScenario":[],"beforeStep":[null],"afterStep":[],"afterScenario":[],"afterFeature":[],"_":["run","run"],"$0":"node_modules/.bin/wdio","config-path":"wdio.conf.js","ignoredWorkerServices":[],"strictWebDriverCompliance":true}},"retry":0,"failures":0,"retries":0},"metrics":{"passed":1,"skipped":0,"failed":0,"duration":910,"start":"2025-05-25T20:26:56.388Z","end":"2025-05-25T20:26:57Z"},"title":"WDIO Test Report","suites":[{"start":"2025-05-25T20:26:56.392Z","end":"2025-05-25T20:26:57.238Z","_duration":846,"type":"suite:start","uid":"suite-0-0","cid":"0-1","file":"/home/runner/work/wdio-qa-final/wdio-qa-final/test/specs/login.invalid.js","title":"Login – negative","fullTitle":"Login – negative","tests":[{"start":"2025-05-25T20:26:56.392Z","end":"2025-05-25T20:26:57.237Z","_duration":845,"type":"test","uid":"test-00-0","cid":"0-1","title":"shows error for wrong password","fullTitle":"Login – negative.shows error for wrong password","output":[],"retries":0,"parent":"Login – negative","state":"passed","body":"async () => {\n    await Login.open();\n    await Login.login('tomsmith', 'WrongPassword!');\n    await expect(SecurePage.flashAlert).toBeExisting()\n    await expect(SecurePage.flashAlert).toHaveText(\n      expect.stringContaining('Your password is invalid!'))\n\n  }","events":[],"errorIndex":0}],"hooks":[],"suites":[],"parent":"","retries":0,"hooksAndTests":[{"start":"2025-05-25T20:26:56.392Z","end":"2025-05-25T20:26:57.237Z","_duration":845,"type":"test","uid":"test-00-0","cid":"0-1","title":"shows error for wrong password","fullTitle":"Login – negative.shows error for wrong password","output":[],"retries":0,"parent":"Login – negative","state":"passed","body":"async () => {\n    await Login.open();\n    await Login.login('tomsmith', 'WrongPassword!');\n    await expect(SecurePage.flashAlert).toBeExisting()\n    await expect(SecurePage.flashAlert).toHaveText(\n      expect.stringContaining('Your password is invalid!'))\n\n  }","events":[],"errorIndex":0}]}],"reportFile":"/home/runner/work/wdio-qa-final/wdio-qa-final/reports/html-reports/report-0-1.html","browserName":"not specified"}